{
 "theta_dec": [
  1.1275,
  0.7000000000000001
 ],
 "raoii_dec": 0.3652800409070373,
 "ci": 0.0013778894139042845,
 "total_rate": 0.2729489154554159,
 "best_realloc_raoii": 0.39759228172297223,
 "realloc_gain": -0.03231224081593492
}