{
 "mus": [
  2.0,
  2.0,
  2.0,
  2.0,
  2.0,
  2.0
 ],
 "nu": 1.0,
 "perlink_budget": 0.25,
 "total_budget": 1.5,
 "theta_calibrated": [
  0.509765625,
  0.0,
  0.0,
  0.0,
  0.0,
  0.0
 ],
 "raoii_calibrated": 0.39020344513870897,
 "ci_calibrated": 0.001037630148304176,
 "rate_calibrated": 1.2760444136930844,
 "theta_realloc": [
  0.4,
  0.0,
  0.0,
  0.0,
  0.0,
  0.0
 ],
 "raoii_realloc": 0.38407297672513196,
 "ci_realloc": 0.0010933166988723968,
 "rate_realloc": 1.4089317872709866,
 "realloc_improve_pct": 1.5710954093185303
}