{
 "nested_ours": {
  "raoii": 0.43208331823063395,
  "ci": 0.0011716745116772062,
  "p_K": 0.49950193829084677,
  "rate": 0.8931698171459743
 },
 "per_hop_greedy": {
  "raoii": 0.4439410724856659,
  "ci": 0.001575165287324251,
  "p_K": 0.5003539224277754,
  "rate": 0.8470054970101527
 },
 "aoi_blind": {
  "raoii": 0.4631429252379524,
  "ci": 0.0018790062586226753,
  "p_K": 0.49962325091767446,
  "rate": 1.0804993127158966
 },
 "random": {
  "raoii": 0.48723796606804265,
  "ci": 0.0021101971399176945,
  "p_K": 0.49995900667278137,
  "rate": 1.0765271011898168
 }
}