{
 "heavytail": [
  {
   "mus": [
    2.0,
    2.0,
    2.0
   ],
   "pareto_pK": 0.3983074134934101,
   "ci": 0.00035764972955681343,
   "exp_product": 0.4375
  },
  {
   "mus": [
    3.0,
    1.0,
    4.0
   ],
   "pareto_pK": 0.3980820217460472,
   "ci": 0.0006228119809498571,
   "exp_product": 0.43333333333333335
  }
 ],
 "tree_leaf": {
  "path": [
   2.0,
   3.0,
   1.5
  ],
  "sim_pK": 0.4353903339559141,
  "ci": 0.0005522453372940679,
  "path_product": 0.4357142857142857
 }
}